{
  "hash": "7c968c81",
  "configHash": "2bbd6203",
  "lockfileHash": "d6594422",
  "browserHash": "e1532e5c",
  "optimized": {
    "@angular/common": {
      "src": "../../../../../../node_modules/@angular/common/fesm2022/common.mjs",
      "file": "@angular_common.js",
      "fileHash": "9703e96a",
      "needsInterop": false
    },
    "@angular/common/http": {
      "src": "../../../../../../node_modules/@angular/common/fesm2022/http.mjs",
      "file": "@angular_common_http.js",
      "fileHash": "1ecc82c2",
      "needsInterop": false
    },
    "@angular/core": {
      "src": "../../../../../../node_modules/@angular/core/fesm2022/core.mjs",
      "file": "@angular_core.js",
      "fileHash": "b6c480a9",
      "needsInterop": false
    },
    "@angular/forms": {
      "src": "../../../../../../node_modules/@angular/forms/fesm2022/forms.mjs",
      "file": "@angular_forms.js",
      "fileHash": "fd4dc04a",
      "needsInterop": false
    },
    "@angular/platform-browser": {
      "src": "../../../../../../node_modules/@angular/platform-browser/fesm2022/platform-browser.mjs",
      "file": "@angular_platform-browser.js",
      "fileHash": "c2957ee2",
      "needsInterop": false
    },
    "@angular/router": {
      "src": "../../../../../../node_modules/@angular/router/fesm2022/router.mjs",
      "file": "@angular_router.js",
      "fileHash": "78617c56",
      "needsInterop": false
    }
  },
  "chunks": {
    "chunk-RCAKMOPT": {
      "file": "chunk-RCAKMOPT.js"
    },
    "chunk-L2BQXZNT": {
      "file": "chunk-L2BQXZNT.js"
    },
    "chunk-JNPX2NW3": {
      "file": "chunk-JNPX2NW3.js"
    },
    "chunk-MVTREN4B": {
      "file": "chunk-MVTREN4B.js"
    },
    "chunk-UXJAXTXK": {
      "file": "chunk-UXJAXTXK.js"
    }
  }
}